Step	Time	I	E
8	0.0	-1.8005	3.9084
8	0.1	-1.8005	3.9084
8	0.2	-1.8005	3.9074
8	0.3	-1.8005	3.9071
8	0.4	-1.8009000000000002	3.9065
8	0.5	-1.8009000000000002	3.9059
8	0.6	-1.8009000000000002	3.9053
8	0.7	-1.8009000000000002	3.9046
8	0.8	-1.8009000000000002	3.904
8	0.9	-1.8009000000000002	3.9037
8	1.0	-1.8009000000000002	3.9034
8	1.1	-1.8009000000000002	3.9028
8	1.2	-1.8009000000000002	3.9028
8	1.3	-1.8009000000000002	3.9022
8	1.4	-1.8009000000000002	3.9015
8	1.5	-1.8009000000000002	3.9012
8	1.6	-1.8009000000000002	3.9009
8	1.7	-1.8009000000000002	3.9006
8	1.8	-1.8009000000000002	3.9003
8	1.9	-1.8009000000000002	3.9
8	2.0	-1.8009000000000002	3.8997
8	2.1	-1.8009000000000002	3.8997
8	2.2	-1.8009000000000002	3.8994
8	2.3	-1.8009000000000002	3.8991
8	2.4	-1.8009000000000002	3.8988
8	2.5	-1.8009000000000002	3.8988
8	2.6	-1.8009000000000002	3.8984
8	2.7	-1.8009000000000002	3.8984
8	2.8	-1.8009000000000002	3.8981
8	2.9	-1.8009000000000002	3.8978
8	3.0	-1.8009000000000002	3.8978
8	3.1	-1.8009000000000002	3.8975
8	3.2	-1.8009000000000002	3.8972
8	3.3	-1.8009000000000002	3.8972
8	3.4	-1.8009000000000002	3.8969
8	3.5	-1.8009000000000002	3.8969
8	3.6	-1.8009000000000002	3.8966
8	3.7	-1.8009000000000002	3.8966
8	3.8	-1.8009000000000002	3.8963
8	3.9	-1.8009000000000002	3.896
8	4.0	-1.8009000000000002	3.896
8	4.1	-1.8009000000000002	3.8957
8	4.2	-1.8009000000000002	3.8957
8	4.3	-1.8009000000000002	3.8953
8	4.4	-1.8009000000000002	3.895
8	4.5	-1.8009000000000002	3.895
8	4.6	-1.8009000000000002	3.895
8	4.7	-1.8009000000000002	3.8947
8	4.8	-1.8009000000000002	3.8947
8	4.9	-1.8009000000000002	3.8944
8	5.0	-1.8009000000000002	3.8938
8	5.1	-1.8009000000000002	3.8938
8	5.2	-1.8009000000000002	3.8935
8	5.3	-1.8009000000000002	3.8935
8	5.4	-1.8009000000000002	3.8935
8	5.5	-1.8009000000000002	3.8932
8	5.6	-1.8009000000000002	3.8932
8	5.7	-1.8009000000000002	3.8929
8	5.8	-1.8009000000000002	3.8929
8	5.9	-1.8009000000000002	3.8926
8	6.0	-1.8009000000000002	3.8926
8	6.1	-1.8009000000000002	3.8922
8	6.2	-1.8009000000000002	3.8922
8	6.3	-1.8009000000000002	3.8919
8	6.4	-1.8009000000000002	3.8919
8	6.5	-1.8009000000000002	3.8916
8	6.6	-1.8009000000000002	3.8916
8	6.7	-1.8009000000000002	3.8916
8	6.8	-1.8009000000000002	3.8913
8	6.9	-1.8009000000000002	3.8913
8	7.0	-1.8009000000000002	3.891
8	7.1	-1.8009000000000002	3.891
8	7.2	-1.8009000000000002	3.891
8	7.3	-1.8009000000000002	3.8907
8	7.4	-1.8009000000000002	3.8907
8	7.5	-1.8009000000000002	3.8904
8	7.6	-1.8009000000000002	3.8904
8	7.7	-1.8009000000000002	3.8901
8	7.8	-1.8009000000000002	3.8901
8	7.9	-1.8009000000000002	3.8901
8	8.0	-1.8009000000000002	3.8898
8	8.1	-1.8009000000000002	3.8898
8	8.2	-1.8009000000000002	3.8895
8	8.3	-1.8009000000000002	3.8895
8	8.4	-1.8009000000000002	3.8895
8	8.5	-1.8009000000000002	3.8891
8	8.6	-1.8009000000000002	3.8891
8	8.7	-1.8009000000000002	3.8888
8	8.8	-1.8009000000000002	3.8888
8	8.9	-1.8009000000000002	3.8885
8	9.0	-1.8009000000000002	3.8885
8	9.1	-1.8009000000000002	3.8885
8	9.2	-1.8009000000000002	3.8882
8	9.3	-1.8009000000000002	3.8882
8	9.4	-1.8009000000000002	3.8882
8	9.5	-1.8009000000000002	3.8879
8	9.6	-1.8009000000000002	3.8879
8	9.7	-1.8009000000000002	3.8879
8	9.8	-1.8009000000000002	3.8876
8	9.9	-1.8009000000000002	3.8876
8	10.0	-1.8009000000000002	3.8873
8	10.1	-1.8009000000000002	3.8873
8	10.2	-1.8009000000000002	3.8873
8	10.3	-1.8009000000000002	3.887
8	10.4	-1.8009000000000002	3.887
8	10.5	-1.8009000000000002	3.887
8	10.6	-1.8009000000000002	3.8867
8	10.7	-1.8009000000000002	3.8867
8	10.8	-1.8009000000000002	3.8867
8	10.9	-1.8009000000000002	3.886
8	11.0	-1.8009000000000002	3.886
8	11.1	-1.8009000000000002	3.8857
8	11.2	-1.8009000000000002	3.8857
8	11.3	-1.8009000000000002	3.8857
8	11.4	-1.8009000000000002	3.8857
8	11.5	-1.8009000000000002	3.8854
8	11.6	-1.8009000000000002	3.8854
8	11.7	-1.8009000000000002	3.8851
8	11.8	-1.8009000000000002	3.8851
8	11.9	-1.8009000000000002	3.8851
8	12.0	-1.8009000000000002	3.8851
8	12.1	-1.8009000000000002	3.8848
8	12.2	-1.8009000000000002	3.8848
8	12.3	-1.8009000000000002	3.8848
8	12.4	-1.8009000000000002	3.8845
8	12.5	-1.8009000000000002	3.8845
8	12.6	-1.8009000000000002	3.8842
8	12.7	-1.8009000000000002	3.8842
8	12.8	-1.8009000000000002	3.8842
8	12.9	-1.8009000000000002	3.8839
8	13.0	-1.8009000000000002	3.8839
8	13.1	-1.8009000000000002	3.8839
8	13.2	-1.8009000000000002	3.8839
8	13.3	-1.8009000000000002	3.8836
8	13.4	-1.8009000000000002	3.8836
8	13.5	-1.8009000000000002	3.8836
8	13.6	-1.8009000000000002	3.8833
8	13.7	-1.8005	3.8833
8	13.8	-1.8009000000000002	3.8829
8	13.9	-1.8009000000000002	3.8829
8	14.0	-1.8009000000000002	3.8829
8	14.1	-1.8009000000000002	3.8826
8	14.2	-1.8009000000000002	3.8826
8	14.3	-1.8009000000000002	3.8826
8	14.4	-1.8009000000000002	3.8826
8	14.5	-1.8009000000000002	3.8823
8	14.6	-1.8005	3.8823
8	14.7	-1.8009000000000002	3.8823
8	14.8	-1.8009000000000002	3.882
8	14.9	-1.8009000000000002	3.882
8	15.0	-1.8009000000000002	3.882
8	15.1	-1.8009000000000002	3.8817
8	15.2	-1.8009000000000002	3.8817
8	15.3	-1.8009000000000002	3.8817
8	15.4	-1.8009000000000002	3.8814
8	15.5	-1.8009000000000002	3.8814
8	15.6	-1.8009000000000002	3.8814
8	15.7	-1.8009000000000002	3.8814
8	15.8	-1.8009000000000002	3.8811
8	15.9	-1.8009000000000002	3.8811
8	16.0	-1.8009000000000002	3.8811
8	16.1	-1.8009000000000002	3.8808
8	16.2	-1.8009000000000002	3.8808
8	16.3	-1.8009000000000002	3.8808
8	16.4	-1.8009000000000002	3.8805
8	16.5	-1.8009000000000002	3.8805
8	16.6	-1.8009000000000002	3.8805
8	16.7	-1.8009000000000002	3.8802
8	16.8	-1.8009000000000002	3.8802
8	16.9	-1.8009000000000002	3.8802
8	17.0	-1.8009000000000002	3.8802
8	17.1	-1.8009000000000002	3.8798
8	17.2	-1.8009000000000002	3.8798
8	17.3	-1.8009000000000002	3.8798
8	17.4	-1.8009000000000002	3.8798
8	17.5	-1.8009000000000002	3.8795
8	17.6	-1.8009000000000002	3.8795
8	17.7	-1.8009000000000002	3.8792
8	17.8	-1.8009000000000002	3.8792
8	17.9	-1.8009000000000002	3.8792
8	18.0	-1.8009000000000002	3.8792
8	18.1	-1.8009000000000002	3.8786
8	18.2	-1.8009000000000002	3.8786
8	18.3	-1.8009000000000002	3.8786
8	18.4	-1.8009000000000002	3.8786
8	18.5	-1.8009000000000002	3.8783
8	18.6	-1.8009000000000002	3.8783
8	18.7	-1.8009000000000002	3.8783
8	18.8	-1.8009000000000002	3.8783
8	18.9	-1.8009000000000002	3.878
8	19.0	-1.8009000000000002	3.878
8	19.1	-1.8009000000000002	3.878
8	19.2	-1.8009000000000002	3.8777
8	19.3	-1.8009000000000002	3.8777
8	19.4	-1.8009000000000002	3.8777
8	19.5	-1.8009000000000002	3.8774
8	19.6	-1.8009000000000002	3.8774
8	19.7	-1.8009000000000002	3.8774
8	19.8	-1.8009000000000002	3.8774
8	19.9	-1.8009000000000002	3.8771
8	20.0	-1.8009000000000002	3.8771
8	20.1	-1.8009000000000002	3.8771
8	20.2	-1.8009000000000002	3.8771
8	20.3	-1.8009000000000002	3.8767
8	20.4	-1.8009000000000002	3.8767
8	20.5	-1.8009000000000002	3.8767
8	20.6	-1.8009000000000002	3.8767
8	20.7	-1.8009000000000002	3.8764
8	20.8	-1.8009000000000002	3.8764
8	20.9	-1.8009000000000002	3.8764
8	21.0	-1.8009000000000002	3.8761
8	21.1	-1.8009000000000002	3.8761
8	21.2	-1.8009000000000002	3.8761
8	21.3	-1.8009000000000002	3.8761
8	21.4	-1.8009000000000002	3.8758
8	21.5	-1.8009000000000002	3.8758
8	21.6	-1.8009000000000002	3.8758
8	21.7	-1.8009000000000002	3.8758
8	21.8	-1.8009000000000002	3.8755
8	21.9	-1.8009000000000002	3.8755
8	22.0	-1.8009000000000002	3.8755
8	22.1	-1.8009000000000002	3.8755
8	22.2	-1.8009000000000002	3.8752
8	22.3	-1.8009000000000002	3.8752
8	22.4	-1.8009000000000002	3.8752
8	22.5	-1.8009000000000002	3.8752
8	22.6	-1.8009000000000002	3.8749
8	22.7	-1.8009000000000002	3.8749
8	22.8	-1.8005	3.8749
8	22.9	-1.8005	3.8749
8	23.0	-1.8009000000000002	3.8746
8	23.1	-1.8009000000000002	3.8746
8	23.2	-1.8009000000000002	3.8746
8	23.3	-1.8009000000000002	3.8746
8	23.4	-1.8009000000000002	3.8743
8	23.5	-1.8009000000000002	3.8743
8	23.6	-1.8009000000000002	3.8743
8	23.7	-1.8009000000000002	3.874
8	23.8	-1.8009000000000002	3.874
8	23.9	-1.8009000000000002	3.874
8	24.0	-1.8009000000000002	3.874
8	24.1	-1.8009000000000002	3.8736
8	24.2	-1.8009000000000002	3.8736
8	24.3	-1.8009000000000002	3.8736
8	24.4	-1.8009000000000002	3.8736
8	24.5	-1.8009000000000002	3.8736
8	24.6	-1.8009000000000002	3.8733
8	24.7	-1.8009000000000002	3.8733
8	24.8	-1.8009000000000002	3.8733
8	24.9	-1.8009000000000002	3.8733
8	25.0	-1.8009000000000002	3.873
8	25.1	-1.8009000000000002	3.873
8	25.2	-1.8009000000000002	3.873
8	25.3	-1.8009000000000002	3.8727
8	25.4	-1.8009000000000002	3.8727
8	25.5	-1.8009000000000002	3.8727
8	25.6	-1.8009000000000002	3.8727
8	25.7	-1.8009000000000002	3.8727
8	25.8	-1.8009000000000002	3.8727
8	25.9	-1.8009000000000002	3.8724
8	26.0	-1.8009000000000002	3.8724
8	26.1	-1.8009000000000002	3.8724
8	26.2	-1.8009000000000002	3.8721
8	26.3	-1.8009000000000002	3.8721
8	26.4	-1.8009000000000002	3.8721
8	26.5	-1.8009000000000002	3.8721
8	26.6	-1.8009000000000002	3.8718
8	26.7	-1.8009000000000002	3.8718
8	26.8	-1.8009000000000002	3.8718
8	26.9	-1.8009000000000002	3.8718
8	27.0	-1.8009000000000002	3.8715
8	27.1	-1.8009000000000002	3.8715
8	27.2	-1.8009000000000002	3.8715
8	27.3	-1.8009000000000002	3.8715
8	27.4	-1.8009000000000002	3.8715
8	27.5	-1.8009000000000002	3.8709
8	27.6	-1.8009000000000002	3.8709
8	27.7	-1.8009000000000002	3.8709
8	27.8	-1.8009000000000002	3.8709
8	27.9	-1.8009000000000002	3.8709
8	28.0	-1.8009000000000002	3.8705
8	28.1	-1.8009000000000002	3.8705
8	28.2	-1.8009000000000002	3.8705
8	28.3	-1.8009000000000002	3.8702
8	28.4	-1.8009000000000002	3.8702
8	28.5	-1.8009000000000002	3.8702
8	28.6	-1.8009000000000002	3.8702
8	28.7	-1.8009000000000002	3.8702
8	28.8	-1.8009000000000002	3.8699
8	28.9	-1.8009000000000002	3.8699
8	29.0	-1.8009000000000002	3.8699
8	29.1	-1.8009000000000002	3.8699
8	29.2	-1.8009000000000002	3.8696
8	29.3	-1.8009000000000002	3.8696
8	29.4	-1.8009000000000002	3.8696
8	29.5	-1.8009000000000002	3.8696
8	29.6	-1.8009000000000002	3.8693
8	29.7	-1.8009000000000002	3.8693
8	29.8	-1.8009000000000002	3.8693
8	29.9	-1.8009000000000002	3.8693
8	30.0	-1.8009000000000002	3.8693
9	30.1	0.0	3.9291
9	30.2	0.0	3.9298
9	30.3	0.0	3.9301
9	30.4	0.0	3.9307
9	30.5	0.0	3.9313
9	30.6	0.0	3.9316
9	30.7	0.0	3.9322
9	30.8	0.0	3.9326
9	30.9	0.0	3.9332
9	31.0	0.0	3.9335
9	31.1	0.0	3.9338
9	31.2	0.0	3.9341
9	31.3	0.0	3.9344
9	31.4	0.0	3.9347
9	31.5	0.0	3.935
9	31.6	0.0	3.9353
9	31.7	0.0	3.9353
9	31.8	0.0	3.9357
9	31.9	0.0	3.9357
9	32.0	0.0	3.936
9	32.1	0.0	3.9363
9	32.2	0.0	3.9363
9	32.3	0.0	3.9366
9	32.4	0.0	3.9369
9	32.5	0.0	3.9369
9	32.6	0.0	3.9372
9	32.7	0.0	3.9372
9	32.8	0.0	3.9375
9	32.9	0.0	3.9375
9	33.0	0.0	3.9375
9	33.1	0.0	3.9378
9	33.2	0.0	3.9378
9	33.3	0.0	3.9381
9	33.4	0.0	3.9381
9	33.5	0.0	3.9384
9	33.6	0.0	3.9384
9	33.7	0.0	3.9384
9	33.8	0.0	3.9384
9	33.9	0.0	3.9388
9	34.0	0.0	3.9388
9	34.1	0.0	3.9391
9	34.2	0.0	3.9391
9	34.3	0.0	3.9391
9	34.4	0.0	3.9394
9	34.5	0.0	3.9394
9	34.6	0.0	3.9394
9	34.7	0.0	3.9397
9	34.8	0.0	3.9397
9	34.9	0.0	3.9397
9	35.0	0.0	3.9397
9	35.1	0.0	3.94
9	35.2	0.0	3.94
9	35.3	0.0	3.94
9	35.4	0.0	3.9403
9	35.5	0.0	3.9403
9	35.6	0.0	3.9403
9	35.7	0.0	3.9409
9	35.8	0.0	3.9409
9	35.9	0.0	3.9409
9	36.0	0.0	3.9409
9	36.1	0.0	3.9412
9	36.2	0.0	3.9412
9	36.3	0.0	3.9412
9	36.4	0.0	3.9415
9	36.5	0.0	3.9415
9	36.6	0.0	3.9415
9	36.7	0.0	3.9415
9	36.8	0.0	3.9419
9	36.9	0.0	3.9419
9	37.0	0.0	3.9419
9	37.1	0.0	3.9419
9	37.2	0.0	3.9419
9	37.3	0.0	3.9422
9	37.4	0.0	3.9422
9	37.5	0.0	3.9422
9	37.6	0.0	3.9422
9	37.7	0.0	3.9425
9	37.8	0.0	3.9425
9	37.9	0.0	3.9425
9	38.0	0.0	3.9425
9	38.1	0.0	3.9425
9	38.2	0.0	3.9425
9	38.3	0.0	3.9428
9	38.4	0.0	3.9428
9	38.5	0.0	3.9428
9	38.6	0.0	3.9428
9	38.7	0.0	3.9431
9	38.8	0.0	3.9431
9	38.9	0.0	3.9431
9	39.0	0.0	3.9431
9	39.1	0.0	3.9431
9	39.2	0.0	3.9431
9	39.3	0.0	3.9434
9	39.4	0.0	3.9434
9	39.5	0.0	3.9434
9	39.6	0.0	3.9434
9	39.7	0.0	3.9437
9	39.8	0.0	3.9437
9	39.9	0.0	3.9437
9	40.0	0.0	3.9437
10	41.0	0.0	3.9443
10	42.0	0.0	3.9446
10	43.0	0.0	3.9453
10	44.0	0.0	3.9456
10	45.0	0.0	3.9462
10	46.0	0.0	3.9465
10	47.0	0.0	3.9468
10	48.0	0.0	3.9471
10	49.0	0.0	3.9474
10	50.0	0.0	3.9477
10	51.0	0.0	3.9481
10	52.0	0.0	3.9487
10	53.0	0.0	3.949
10	54.0	0.0	3.9493
10	55.0	0.0	3.9496
10	56.0	0.0	3.9496
10	57.0	0.0	3.9499
10	58.0	0.0	3.9502
10	59.0	0.0	3.9505
10	60.0	0.0	3.9508
10	61.0	0.0	3.9508
10	62.0	0.0	3.9512
10	63.0	0.0	3.9515
10	64.0	0.0	3.9515
10	65.0	0.0	3.9518
10	66.0	0.0	3.9521
10	67.0	0.0	3.9521
10	68.0	0.0	3.9524
10	69.0	0.0	3.9524
10	70.0	0.0	3.9527
10	71.0	0.0	3.9527
10	72.0	0.0	3.953
10	73.0	0.0	3.953
10	74.0	0.0	3.9533
10	75.0	0.0	3.9533
10	76.0	0.0	3.9536
10	77.0	0.0	3.9536
10	78.0	0.0	3.9539
10	79.0	0.0	3.9543
10	80.0	0.0	3.9543
10	81.0	0.0	3.9543
10	82.0	0.0	3.9546
10	83.0	0.0	3.9546
10	84.0	0.0	3.9549
10	85.0	0.0	3.9549
10	86.0	0.0	3.9549
10	87.0	0.0	3.9552
10	88.0	0.0	3.9552
10	89.0	0.0	3.9555
10	90.0	0.0	3.9555
10	91.0	0.0	3.9555
10	92.0	0.0	3.9555
10	93.0	0.0	3.9558
10	94.0	0.0	3.9558
10	95.0	0.0	3.9564
10	96.0	0.0	3.9564
10	97.0	0.0	3.9564
10	98.0	0.0	3.9564
10	99.0	0.0	3.9567
10	100.0	0.0	3.9567
10	101.0	0.0	3.9567
10	102.0	0.0	3.957
10	103.0	0.0	3.9567
10	104.0	0.0	3.957
10	105.0	0.0	3.957
10	106.0	0.0	3.957
10	107.0	0.0	3.9574
10	108.0	0.0	3.9574
10	109.0	0.0	3.9574
10	110.0	0.0	3.9574
10	111.0	0.0	3.9577
10	112.0	0.0	3.9577
10	113.0	0.0	3.9577
10	114.0	0.0	3.958
10	115.0	0.0	3.9577
10	116.0	0.0	3.958
10	117.0	0.0	3.958
10	118.0	0.0	3.958
10	119.0	0.0	3.958
10	120.0	0.0	3.958
10	121.0	0.0	3.9583
10	122.0	0.0	3.9583
10	123.0	0.0	3.9583
10	124.0	0.0	3.9583
10	125.0	0.0	3.9586
10	126.0	0.0	3.9586
10	127.0	0.0	3.9586
10	128.0	0.0	3.9586
10	129.0	0.0	3.9586
10	130.0	0.0	3.9586
10	131.0	0.0	3.9586
10	132.0	0.0	3.9589
10	133.0	0.0	3.9589
10	134.0	0.0	3.9589
10	135.0	0.0	3.9589
10	136.0	0.0	3.9589
10	137.0	0.0	3.9592
10	138.0	0.0	3.9589
10	139.0	0.0	3.9589
10	140.0	0.0	3.9592
10	141.0	0.0	3.9592
10	142.0	0.0	3.9592
10	143.0	0.0	3.9592
10	144.0	0.0	3.9592
10	145.0	0.0	3.9592
10	146.0	0.0	3.9595
10	147.0	0.0	3.9595
10	148.0	0.0	3.9595
10	149.0	0.0	3.9595
10	150.0	0.0	3.9595
10	151.0	0.0	3.9595
10	152.0	0.0	3.9595
10	153.0	0.0	3.9595
10	154.0	0.0	3.9595
10	155.0	0.0	3.9595
10	156.0	0.0	3.9595
10	157.0	0.0	3.9598
10	158.0	0.0	3.9598
10	159.0	0.0	3.9598
10	160.0	0.0	3.9598
10	161.0	0.0	3.9598
10	162.0	0.0	3.9598
10	163.0	0.0	3.9598
10	164.0	0.0	3.9598
10	165.0	0.0	3.9601
10	166.0	0.0	3.9601
10	167.0	0.0	3.9601
10	168.0	0.0	3.9601
10	169.0	0.0	3.9601
10	170.0	0.0	3.9601
10	171.0	0.0	3.9601
10	172.0	0.0	3.9601
10	173.0	0.0	3.9601
10	174.0	0.0	3.9601
10	175.0	0.0	3.9601
10	176.0	0.0	3.9605
10	177.0	0.0	3.9601
10	178.0	0.0	3.9601
10	179.0	0.0	3.9601
10	180.0	0.0	3.9605
10	181.0	0.0	3.9605
10	182.0	0.0	3.9605
10	183.0	0.0	3.9605
10	184.0	0.0	3.9605
10	185.0	0.0	3.9605
10	186.0	0.0	3.9605
10	187.0	0.0	3.9605
10	188.0	0.0	3.9605
10	189.0	0.0	3.9605
10	190.0	0.0	3.9605
10	191.0	0.0	3.9608
10	192.0	0.0	3.9608
10	193.0	0.0	3.9605
10	194.0	0.0	3.9608
10	195.0	0.0	3.9608
10	196.0	0.0	3.9608
10	197.0	0.0	3.9608
10	198.0	0.0	3.9608
10	199.0	0.0	3.9608
10	200.0	0.0	3.9608
10	201.0	0.0	3.9608
10	202.0	0.0	3.9608
10	203.0	0.0	3.9608
10	204.0	0.0	3.9608
10	205.0	0.0	3.9608
10	206.0	0.0	3.9608
10	207.0	0.0	3.9611
10	208.0	0.0	3.9608
10	209.0	0.0	3.9611
10	210.0	0.0	3.9611
10	211.0	0.0	3.9611
10	212.0	0.0	3.9611
10	213.0	0.0	3.9611
10	214.0	0.0	3.9611
10	215.0	0.0	3.9611
10	216.0	0.0	3.9611
10	217.0	0.0	3.9611
10	218.0	0.0	3.9611
10	219.0	0.0	3.9611
10	220.0	0.0	3.9611
10	221.0	0.0	3.9611
10	222.0	0.0	3.9611
10	223.0	0.0	3.9611
10	224.0	0.0	3.9611
10	225.0	0.0	3.9611
10	226.0	0.0	3.9611
10	227.0	0.0	3.9614
10	228.0	0.0	3.9611
10	229.0	0.0	3.9611
10	230.0	0.0	3.9614
10	231.0	0.0	3.9611
10	232.0	0.0	3.9614
10	233.0	0.0	3.9614
10	234.0	0.0	3.9611
10	235.0	0.0	3.9614
10	236.0	0.0	3.9614
10	237.0	0.0	3.9614
10	238.0	0.0	3.9614
10	239.0	0.0	3.9614
10	240.0	0.0	3.9614
10	241.0	0.0	3.9614
10	242.0	0.0	3.9614
10	243.0	0.0	3.9614
10	244.0	0.0	3.9614
10	245.0	0.0	3.9614
10	246.0	0.0	3.9614
10	247.0	0.0	3.9614
10	248.0	0.0	3.9614
10	249.0	0.0	3.9614
10	250.0	0.0	3.9614
10	251.0	0.0	3.9614
10	252.0	0.0	3.9614
10	253.0	0.0	3.9614
10	254.0	0.0	3.9614
10	255.0	0.0	3.9614
10	256.0	0.0	3.9617
10	257.0	0.0	3.9614
10	258.0	0.0	3.9617
10	259.0	0.0	3.9614
10	260.0	0.0	3.9614
10	261.0	0.0	3.9614
10	262.0	0.0	3.9617
10	263.0	0.0	3.9614
10	264.0	0.0	3.9614
10	265.0	0.0	3.9617
10	266.0	0.0	3.9617
10	267.0	0.0	3.9617
10	268.0	0.0	3.9617
10	269.0	0.0	3.9617
10	270.0	0.0	3.9617
10	271.0	0.0	3.9617
10	272.0	0.0	3.9617
10	273.0	0.0	3.9617
10	274.0	0.0	3.9617
10	275.0	0.0	3.9617
10	276.0	0.0	3.9617
10	277.0	0.0	3.9617
10	278.0	0.0	3.9617
10	279.0	0.0	3.9617
10	280.0	0.0	3.9617
10	281.0	0.0	3.9617
10	282.0	0.0	3.9617
10	283.0	0.0	3.9617
10	284.0	0.0	3.9617
10	285.0	0.0	3.9617
10	286.0	0.0	3.9617
10	287.0	0.0	3.9617
10	288.0	0.0	3.9617
10	289.0	0.0	3.9617
10	290.0	0.0	3.9617
10	291.0	0.0	3.9617
10	292.0	0.0	3.9617
10	293.0	0.0	3.9617
10	294.0	0.0	3.962
10	295.0	0.0	3.962
10	296.0	0.0	3.9617
10	297.0	0.0	3.962
10	298.0	0.0	3.9617
10	299.0	0.0	3.962
10	300.0	0.0	3.962
10	301.0	0.0	3.9617
10	302.0	0.0	3.9617
10	303.0	0.0	3.962
10	304.0	0.0	3.9617
10	305.0	0.0	3.962
10	306.0	0.0	3.962
10	307.0	0.0	3.962
10	308.0	0.0	3.9617
10	309.0	0.0	3.962
10	310.0	0.0	3.962
10	311.0	0.0	3.962
10	312.0	0.0	3.962
10	313.0	0.0	3.962
10	314.0	0.0	3.962
10	315.0	0.0	3.962
10	316.0	0.0	3.962
10	317.0	0.0	3.962
10	318.0	0.0	3.962
10	319.0	0.0	3.962
10	320.0	0.0	3.962
10	321.0	0.0	3.962
10	322.0	0.0	3.962
10	323.0	0.0	3.962
10	324.0	0.0	3.962
10	325.0	0.0	3.962
10	326.0	0.0	3.962
10	327.0	0.0	3.962
10	328.0	0.0	3.962
10	329.0	0.0	3.962
10	330.0	0.0	3.962
10	331.0	0.0	3.962
10	332.0	0.0	3.962
10	333.0	0.0	3.962
10	334.0	0.0	3.962
10	335.0	0.0	3.962
10	336.0	0.0	3.962
10	337.0	0.0	3.962
10	338.0	0.0	3.962
10	339.0	0.0	3.962
10	340.0	0.0	3.962
11	350.0	0.0	3.962
11	360.0	0.0	3.962
11	370.0	0.0	3.962
11	380.0	0.0	3.962
11	390.0	0.0	3.9623
11	400.0	0.0	3.9623
11	410.0	0.0	3.9623
11	420.0	0.0	3.9623
11	430.0	0.0	3.9623
11	440.0	0.0	3.9623
11	450.0	0.0	3.9623
11	460.0	0.0	3.9623
11	470.0	0.0	3.9626
11	480.0	0.0	3.9623
11	490.0	0.0	3.9626
11	500.0	0.0	3.9626
11	510.0	0.0	3.9626
11	520.0	0.0	3.9626
11	530.0	0.0	3.9626
11	540.0	0.0	3.9626
11	550.0	0.0	3.9626
11	560.0	0.0	3.9626
11	570.0	0.0	3.9626
11	580.0	0.0	3.9626
11	590.0	0.0	3.9626
11	600.0	0.0	3.9626
11	610.0	0.0	3.9626
11	620.0	0.0	3.9626
11	630.0	0.0	3.9626
11	640.0	0.0	3.9626
11	650.0	0.0	3.9626
11	660.0	0.0	3.9626
11	670.0	0.0	3.9626
11	680.0	0.0	3.9626
11	690.0	0.0	3.9626
11	700.0	0.0	3.9626
11	710.0	0.0	3.9629
11	720.0	0.0	3.9626
11	730.0	0.0	3.9626
11	740.0	0.0	3.9629
11	750.0	0.0	3.9626
11	760.0	0.0	3.9626
11	770.0	0.0	3.9629
11	780.0	0.0	3.9629
11	790.0	0.0	3.9626
11	800.0	0.0	3.9629
11	810.0	0.0	3.9626
11	820.0	0.0	3.9629
11	830.0	0.0	3.9629
11	840.0	0.0	3.9629
11	850.0	0.0	3.9629
11	860.0	0.0	3.9629
11	870.0	0.0	3.9629
11	880.0	0.0	3.9629
11	890.0	0.0	3.9629
11	900.0	0.0	3.9629
11	910.0	0.0	3.9629
11	920.0	0.0	3.9629
11	930.0	0.0	3.9629
11	940.0	0.0	3.9629
11	950.0	0.0	3.9629
11	960.0	0.0	3.9629
11	970.0	0.0	3.9629
11	980.0	0.0	3.9629
11	990.0	0.0	3.9629
11	1000.0	0.0	3.9629
11	1010.0	0.0	3.9629
11	1020.0	0.0	3.9629
11	1030.0	0.0	3.9629
11	1040.0	0.0	3.9629
11	1050.0	0.0	3.9629
11	1060.0	0.0	3.9629
11	1070.0	0.0	3.9629
11	1080.0	0.0	3.9629
11	1090.0	0.0	3.9629
11	1100.0	0.0	3.9629
11	1110.0	0.0	3.9629
11	1120.0	0.0	3.9629
11	1130.0	0.0	3.9629
11	1140.0	0.0	3.9629
11	1150.0	0.0	3.9629
11	1160.0	0.0	3.9629
11	1170.0	0.0	3.9629
11	1180.0	0.0	3.9629
11	1190.0	0.0	3.9629
11	1200.0	0.0	3.9629
11	1210.0	0.0	3.9629
11	1220.0	0.0	3.9632
11	1230.0	0.0	3.9629
11	1240.0	0.0	3.9629
11	1250.0	0.0	3.9629
11	1260.0	0.0	3.9629
11	1270.0	0.0	3.9629
11	1280.0	0.0	3.9629
11	1290.0	0.0	3.9632
11	1300.0	0.0	3.9629
11	1310.0	0.0	3.9629
11	1320.0	0.0	3.9629
11	1330.0	0.0	3.9629
11	1340.0	0.0	3.9629
11	1350.0	0.0	3.9629
11	1360.0	0.0	3.9632
11	1370.0	0.0	3.9629
11	1380.0	0.0	3.9632
11	1390.0	0.0	3.9629
11	1400.0	0.0	3.9629
11	1410.0	0.0	3.9632
11	1420.0	0.0	3.9629
11	1430.0	0.0	3.9629
11	1440.0	0.0	3.9632
11	1450.0	0.0	3.9632
11	1460.0	0.0	3.9629
11	1470.0	0.0	3.9629
11	1480.0	0.0	3.9632
11	1490.0	0.0	3.9632
11	1500.0	0.0	3.9632
11	1510.0	0.0	3.9632
11	1520.0	0.0	3.9632
11	1530.0	0.0	3.9632
11	1540.0	0.0	3.9632
11	1550.0	0.0	3.9629
11	1560.0	0.0	3.9629
11	1570.0	0.0	3.9632
11	1580.0	0.0	3.9629
11	1590.0	0.0	3.9632
11	1600.0	0.0	3.9632
11	1610.0	0.0	3.9632
11	1620.0	0.0	3.9629
11	1630.0	0.0	3.9632
11	1640.0	0.0	3.9632
11	1650.0	0.0	3.9629
11	1660.0	0.0	3.9632
11	1670.0	0.0	3.9632
11	1680.0	0.0	3.9632
11	1690.0	0.0	3.9632
11	1700.0	0.0	3.9632
11	1710.0	0.0	3.9632
11	1720.0	0.0	3.9632
11	1730.0	0.0	3.9632
11	1740.0	0.0	3.9632
11	1750.0	0.0	3.9632
11	1760.0	0.0	3.9632
11	1770.0	0.0	3.9629
11	1780.0	0.0	3.9629
11	1790.0	0.0	3.9632
11	1800.0	0.0	3.9632
11	1810.0	0.0	3.9632
11	1820.0	0.0	3.9632
11	1830.0	0.0	3.9632
11	1840.0	0.0	3.9632
11	1850.0	0.0	3.9629
11	1860.0	0.0	3.9632
11	1870.0	0.0	3.9632
11	1880.0	0.0	3.9632
11	1890.0	0.0	3.9629
11	1900.0	0.0	3.9632
11	1910.0	0.0	3.9632
11	1920.0	0.0	3.9632
11	1930.0	0.0	3.9632
11	1940.0	0.0	3.9632
11	1950.0	0.0	3.9632
11	1960.0	0.0	3.9632
11	1970.0	0.0	3.9632
11	1980.0	0.0	3.9632
11	1990.0	0.0	3.9632
11	2000.0	0.0	3.9629
11	2010.0	0.0	3.9632
11	2020.0	0.0	3.9632
11	2030.0	0.0	3.9632
11	2040.0	0.0	3.9632
11	2050.0	0.0	3.9632
11	2060.0	0.0	3.9632
11	2070.0	0.0	3.9632
11	2080.0	0.0	3.9632
11	2090.0	0.0	3.9632
11	2100.0	0.0	3.9632
11	2110.0	0.0	3.9632
11	2120.0	0.0	3.9632
11	2130.0	0.0	3.9632
11	2140.0	0.0	3.9632
11	2150.0	0.0	3.9632
11	2160.0	0.0	3.9632
11	2170.0	0.0	3.9632
11	2180.0	0.0	3.9632
11	2190.0	0.0	3.9632
11	2200.0	0.0	3.9632
11	2210.0	0.0	3.9632
11	2220.0	0.0	3.9632
11	2230.0	0.0	3.9632
11	2240.0	0.0	3.9632
11	2250.0	0.0	3.9629
11	2260.0	0.0	3.9632
11	2270.0	0.0	3.9632
11	2280.0	0.0	3.9632
11	2290.0	0.0	3.9632
11	2300.0	0.0	3.9632
11	2310.0	0.0	3.9632
11	2320.0	0.0	3.9632
11	2330.0	0.0	3.9632
11	2340.0	0.0	3.9632
11	2350.0	0.0	3.9632
11	2360.0	0.0	3.9632
11	2370.0	0.0	3.9632
11	2380.0	0.0	3.9632
11	2390.0	0.0	3.9632
11	2400.0	0.0	3.9632
11	2410.0	0.0	3.9632
11	2420.0	0.0	3.9632
11	2430.0	0.0	3.9632
11	2440.0	0.0	3.9632
11	2450.0	0.0	3.9632
11	2460.0	0.0	3.9632
11	2470.0	0.0	3.9632
11	2480.0	0.0	3.9632
11	2490.0	0.0	3.9632
11	2500.0	0.0	3.9632
11	2510.0	0.0	3.9632
11	2520.0	0.0	3.9632
11	2530.0	0.0	3.9632
11	2540.0	0.0	3.9632
11	2550.0	0.0	3.9632
11	2560.0	0.0	3.9632
11	2570.0	0.0	3.9632
11	2580.0	0.0	3.9632
11	2590.0	0.0	3.9632
11	2600.0	0.0	3.9632
11	2610.0	0.0	3.9632
11	2620.0	0.0	3.9632
11	2630.0	0.0	3.9632
11	2640.0	0.0	3.9632
11	2650.0	0.0	3.9632
11	2660.0	0.0	3.9632
11	2670.0	0.0	3.9632
11	2680.0	0.0	3.9632
11	2690.0	0.0	3.9632
11	2700.0	0.0	3.9632
11	2710.0	0.0	3.9632
11	2720.0	0.0	3.9632
11	2730.0	0.0	3.9632
11	2740.0	0.0	3.9632
11	2750.0	0.0	3.9632
11	2760.0	0.0	3.9632
11	2770.0	0.0	3.9632
11	2780.0	0.0	3.9632
11	2790.0	0.0	3.9632
11	2800.0	0.0	3.9632
11	2810.0	0.0	3.9632
11	2820.0	0.0	3.9632
11	2830.0	0.0	3.9632
11	2840.0	0.0	3.9632
11	2850.0	0.0	3.9632
11	2860.0	0.0	3.9632
11	2870.0	0.0	3.9632
11	2880.0	0.0	3.9632
11	2890.0	0.0	3.9632
11	2900.0	0.0	3.9632
11	2910.0	0.0	3.9632
11	2920.0	0.0	3.9632
11	2930.0	0.0	3.9632
11	2940.0	0.0	3.9632
11	2950.0	0.0	3.9632
11	2960.0	0.0	3.9632
11	2970.0	0.0	3.9632
11	2980.0	0.0	3.9632
11	2990.0	0.0	3.9632
11	3000.0	0.0	3.9632
11	3010.0	0.0	3.9632
11	3020.0	0.0	3.9632
11	3030.0	0.0	3.9632
11	3040.0	0.0	3.9632
11	3050.0	0.0	3.9632
11	3060.0	0.0	3.9632
11	3070.0	0.0	3.9632
11	3080.0	0.0	3.9632
11	3090.0	0.0	3.9632
11	3100.0	0.0	3.9632
11	3110.0	0.0	3.9632
11	3120.0	0.0	3.9632
11	3130.0	0.0	3.9632
11	3140.0	0.0	3.9632
11	3150.0	0.0	3.9632
11	3160.0	0.0	3.9632
11	3170.0	0.0	3.9632
11	3180.0	0.0	3.9632
11	3190.0	0.0	3.9632
11	3200.0	0.0	3.9632
11	3210.0	0.0	3.9632
11	3220.0	0.0	3.9632
11	3230.0	0.0	3.9632
11	3240.0	0.0	3.9632
11	3250.0	0.0	3.9632
11	3260.0	0.0	3.9632
11	3270.0	0.0	3.9632
11	3280.0	0.0	3.9632
11	3290.0	0.0	3.9632
11	3300.0	0.0	3.9632
11	3310.0	0.0	3.9632
11	3320.0	0.0	3.9632
11	3330.0	0.0	3.9632
11	3340.0	0.0	3.9632
11	3350.0	0.0	3.9632
11	3360.0	0.0	3.9632
11	3370.0	0.0	3.9632
11	3380.0	0.0	3.9632
11	3390.0	0.0	3.9632
11	3400.0	0.0	3.9632
11	3410.0	0.0	3.9632
11	3420.0	0.0	3.9632
11	3430.0	0.0	3.9632
11	3440.0	0.0	3.9632
11	3450.0	0.0	3.9632
11	3460.0	0.0	3.9632
11	3470.0	0.0	3.9632
11	3480.0	0.0	3.9632
11	3490.0	0.0	3.9632
11	3500.0	0.0	3.9632
11	3510.0	0.0	3.9632
11	3520.0	0.0	3.9632
11	3530.0	0.0	3.9632
11	3540.0	0.0	3.9632
11	3550.0	0.0	3.9632
11	3560.0	0.0	3.9632
11	3570.0	0.0	3.9632
11	3580.0	0.0	3.9632
11	3590.0	0.0	3.9632
11	3600.0	0.0	3.9636
11	3610.0	0.0	3.9632
11	3620.0	0.0	3.9632
11	3630.0	0.0	3.9632
11	3640.0	0.0	3.9632
11	3650.0	0.0	3.9632
11	3660.0	0.0	3.9632
11	3670.0	0.0	3.9632
11	3680.0	0.0	3.9632
11	3690.0	0.0	3.9632
11	3700.0	0.0	3.9632
11	3710.0	0.0	3.9632
11	3720.0	0.0	3.9632
11	3730.0	0.0	3.9632
11	3740.0	0.0	3.9632
11	3750.0	0.0	3.9632
11	3760.0	0.0	3.9632
11	3770.0	0.0	3.9632
11	3780.0	0.0	3.9632
11	3790.0	0.0	3.9632
11	3800.0	0.0	3.9632
11	3810.0	0.0	3.9632
11	3820.0	0.0	3.9632
11	3830.0	0.0	3.9632
11	3840.0	0.0	3.9632
11	3850.0	0.0	3.9632
11	3860.0	0.0	3.9632
11	3870.0	0.0	3.9632
11	3880.0	0.0	3.9632
11	3890.0	0.0	3.9632
11	3900.0	0.0	3.9632
11	3910.0	0.0	3.9632
11	3920.0	0.0	3.9632
11	3930.0	0.0	3.9632
11	3940.0	0.0	3.9632
11	3950.0	0.0	3.9632
11	3960.0	0.0	3.9636
11	3970.0	0.0	3.9632
11	3980.0	0.0	3.9632
11	3990.0	0.0	3.9632
11	4000.0	0.0	3.9632
11	4010.0	0.0	3.9632
11	4020.0	0.0	3.9632
11	4030.0	0.0	3.9632
11	4040.0	0.0	3.9632
11	4050.0	0.0	3.9632
11	4060.0	0.0	3.9632
11	4070.0	0.0	3.9632
11	4080.0	0.0	3.9632
11	4090.0	0.0	3.9632
11	4100.0	0.0	3.9636
11	4110.0	0.0	3.9632
11	4120.0	0.0	3.9632
11	4130.0	0.0	3.9632
11	4140.0	0.0	3.9632
11	4150.0	0.0	3.9632
11	4160.0	0.0	3.9632
11	4170.0	0.0	3.9636
11	4180.0	0.0	3.9636
11	4190.0	0.0	3.9632
11	4200.0	0.0	3.9632
11	4210.0	0.0	3.9632
11	4220.0	0.0	3.9632
11	4230.0	0.0	3.9632
11	4240.0	0.0	3.9632
11	4250.0	0.0	3.9632
11	4260.0	0.0	3.9632
11	4270.0	0.0	3.9632
11	4280.0	0.0	3.9632
11	4290.0	0.0	3.9632
11	4300.0	0.0	3.9636
11	4310.0	0.0	3.9632
11	4320.0	0.0	3.9632
11	4330.0	0.0	3.9632
11	4340.0	0.0	3.9632
11	4350.0	0.0	3.9632
11	4360.0	0.0	3.9632
11	4370.0	0.0	3.9632
11	4380.0	0.0	3.9632
11	4390.0	0.0	3.9632
11	4400.0	0.0	3.9632
11	4410.0	0.0	3.9636
11	4420.0	0.0	3.9632
11	4430.0	0.0	3.9632
11	4440.0	0.0	3.9632
11	4450.0	0.0	3.9632
11	4460.0	0.0	3.9632
11	4470.0	0.0	3.9632
11	4480.0	0.0	3.9632
11	4490.0	0.0	3.9636
11	4500.0	0.0	3.9632
11	4510.0	0.0	3.9632
11	4520.0	0.0	3.9632
11	4530.0	0.0	3.9632
11	4540.0	0.0	3.9632
11	4550.0	0.0	3.9632
11	4560.0	0.0	3.9632
11	4570.0	0.0	3.9632
11	4580.0	0.0	3.9632
11	4590.0	0.0	3.9632
11	4600.0	0.0	3.9632
11	4610.0	0.0	3.9632
11	4620.0	0.0	3.9632
11	4630.0	0.0	3.9632
11	4640.0	0.0	3.9636
11	4650.0	0.0	3.9632
11	4660.0	0.0	3.9636
11	4670.0	0.0	3.9632
11	4680.0	0.0	3.9632
11	4690.0	0.0	3.9632
11	4700.0	0.0	3.9632
11	4710.0	0.0	3.9636
11	4720.0	0.0	3.9632
11	4730.0	0.0	3.9632
11	4740.0	0.0	3.9632
11	4750.0	0.0	3.9632
11	4760.0	0.0	3.9632
11	4770.0	0.0	3.9632
11	4780.0	0.0	3.9636
11	4790.0	0.0	3.9636
11	4800.0	0.0	3.9636
11	4810.0	0.0	3.9632
11	4820.0	0.0	3.9632
11	4830.0	0.0	3.9636
11	4840.0	0.0	3.9632
11	4850.0	0.0	3.9632
11	4860.0	0.0	3.9632
11	4870.0	0.0	3.9632
11	4880.0	0.0	3.9632
11	4890.0	0.0	3.9636
11	4900.0	0.0	3.9636
11	4910.0	0.0	3.9632
11	4920.0	0.0	3.9632
11	4930.0	0.0	3.9632
11	4940.0	0.0	3.9632
11	4950.0	0.0	3.9632
11	4960.0	0.0	3.9632
11	4970.0	0.0	3.9632
11	4980.0	0.0	3.9632
11	4990.0	0.0	3.9636
11	5000.0	0.0	3.9632
11	5010.0	0.0	3.9632
11	5020.0	0.0	3.9632
11	5030.0	0.0	3.9632
11	5040.0	0.0	3.9636
11	5050.0	0.0	3.9632
11	5060.0	0.0	3.9632
11	5070.0	0.0	3.9632
11	5080.0	0.0	3.9632
11	5090.0	0.0	3.9636
11	5100.0	0.0	3.9632
11	5110.0	0.0	3.9632
11	5120.0	0.0	3.9632
11	5130.0	0.0	3.9632
11	5140.0	0.0	3.9632
11	5150.0	0.0	3.9632
11	5160.0	0.0	3.9636
11	5170.0	0.0	3.9632
11	5180.0	0.0	3.9632
11	5190.0	0.0	3.9632
11	5200.0	0.0	3.9632
11	5210.0	0.0	3.9632
11	5220.0	0.0	3.9632
11	5230.0	0.0	3.9632
11	5240.0	0.0	3.9636
11	5250.0	0.0	3.9632
11	5260.0	0.0	3.9632
11	5270.0	0.0	3.9632
11	5280.0	0.0	3.9632
11	5290.0	0.0	3.9632
11	5300.0	0.0	3.9632
11	5310.0	0.0	3.9632
11	5320.0	0.0	3.9632
11	5330.0	0.0	3.9632
11	5340.0	0.0	3.9636
11	5350.0	0.0	3.9632
11	5360.0	0.0	3.9632
11	5370.0	0.0	3.9632
11	5380.0	0.0	3.9632
11	5390.0	0.0	3.9632
11	5400.0	0.0	3.9636
11	5410.0	0.0	3.9632
11	5420.0	0.0	3.9632
11	5430.0	0.0	3.9636
11	5440.0	0.0	3.9636
11	5450.0	0.0	3.9632
11	5460.0	0.0	3.9632
11	5470.0	0.0	3.9636
11	5480.0	0.0	3.9632
11	5490.0	0.0	3.9632
11	5500.0	0.0	3.9632
11	5510.0	0.0	3.9632
11	5520.0	0.0	3.9632
11	5530.0	0.0	3.9632
11	5540.0	0.0	3.9632
11	5550.0	0.0	3.9632
11	5560.0	0.0	3.9632
11	5570.0	0.0	3.9632
11	5580.0	0.0	3.9636
11	5590.0	0.0	3.9632
11	5600.0	0.0	3.9636
11	5610.0	0.0	3.9636
11	5620.0	0.0	3.9636
11	5630.0	0.0	3.9632
11	5640.0	0.0	3.9632
11	5650.0	0.0	3.9632
11	5660.0	0.0	3.9632
11	5670.0	0.0	3.9632
11	5680.0	0.0	3.9632
11	5690.0	0.0	3.9636
11	5700.0	0.0	3.9636
11	5710.0	0.0	3.9632
11	5720.0	0.0	3.9632
11	5730.0	0.0	3.9632
11	5740.0	0.0	3.9632
